Openness,infogain,Conscientiousness,infogain,Extraversion,infogain,Agreeableness,infogain,Neuroticism,infogain
・,0.0006631613931674663,「,0.0007512434123438938,！,0.0005597641274589504,」,0.0008878542459601624,」,0.0010997506860500605
取り返す,0.0002935176141269924,」,0.0007418774764188507,・,0.0004871926069617283,「,0.0008459248214865989,「,0.0010214127224297265
【,0.0002247724378917626,取り返す,0.00041114238943151804,」,0.0004468186834176713,取り返す,0.0003492214575346875,　,0.0006922174344879961
←,0.00021990254002768328,・,0.0003599238397161697,取り返す,0.00043716464512599806,★,0.00028750148758360794,取り返す,0.0004388463462158265
、,0.00021212512487700508,←,0.00018340712411302196,「,0.00039422458482318845,ω,0.00023167093202514089,・,0.00025378173005863314
「,0.00020548945049969625,〜,0.00015369868113579432,　,0.00028034544123389793,・,0.0001801301358794749,ああ,0.0001728371369049686
」,0.00019321805374894474,★,0.00014890314863147402,けど,0.0002128652514888918,か,0.00011114213620944113,え,0.00012697819634754914
】,0.00018611543506097394,゜,0.00012504595209794633,★,0.0001495511866780319,推す,0.00010704070909661745,描く,0.00011808975156146762
読む,0.00013120073316308378,ω,0.0001101029163819156,だ,0.00012829612468800988,を,0.0001042046966212018,高い,0.0001020134529802208
おせる,0.00011261393722716839,＆,0.0001100917306997573,ます,0.00011201056607734738,な,0.00010407641589549321,＆,9.904898589485622e-05
当たる,0.0001009599887825674,【,8.549008623437437e-05,ない,0.00011118713697566562,！,9.417406714873344e-05,怖い,9.369171120499065e-05
！,9.304406360466366e-05,】,8.116472145602849e-05,を,0.00010055760884575271,ｗ,9.413583122663827e-05,☆,8.723834212043258e-05
『,9.167197435233643e-05,貯まる,6.587862010887235e-05,か,7.823500833115116e-05,おせる,8.650973278889751e-05,なぁ,8.567256971514503e-05
貯まる,8.976592000775607e-05,おせる,6.404153388561706e-05,』,7.215823667661159e-05,ます,7.760661649125478e-05,てる,7.306937450890505e-05
推す,8.970464233437614e-05,た,6.264669442923587e-05,見る,6.985953599636385e-05,＝,7.755325127423163e-05,を,6.70181693825933e-05
』,8.911139754563813e-05,推す,6.102015047393383e-05,『,6.746373764776603e-05,の,7.633981499099995e-05,取り返せる,6.305099545556025e-05
。,7.661088797317195e-05,取り返せる,5.9070550522899445e-05,おせる,6.728779978015798e-05,ま,7.608652218116241e-05,た,6.292310432354231e-05
ぶつ,6.646709725521838e-05,ぽん,5.845830056472323e-05,なあ,6.555615774961332e-05,＞,6.583970631879321e-05,だけ,6.236047476204654e-05
怖い,6.291100379940406e-05,勝ち取る,5.6981121227206444e-05,取り返せる,6.535749580849348e-05,ぶつ,6.462815031171854e-05,勝ち取る,6.126980204546051e-05
＝,6.056136601650941e-05,読む,5.557776217846033e-05,てる,6.463483539220771e-05,怖い,6.218129876578438e-05,ま,6.050154032610777e-05
）,5.8359304483057706e-05,＼,5.1917587288841105e-05,勝ち取る,6.092794816425773e-05,や,5.8535606867748946e-05,おせる,5.8218817073019125e-05
？,5.7052532579482396e-05,＊,5.148108539565488e-05,ので,6.00185447022783e-05,高い,5.3504783921964894e-05,どたばた,5.790745001443831e-05
（,5.595434544014566e-05,を,5.03377404106331e-05,は,5.3490860378535565e-05,取り返せる,5.109332305708314e-05,ρ,5.669059007851196e-05
ぶす,4.76042497049578e-05,高い,4.8806046903382416e-05,＝,5.152161568766633e-05,　,4.973555524256934e-05,っす,5.51963013305512e-05
こい,4.716622997558151e-05,ぶつ,4.750971294997797e-05,が,5.0471113979266846e-05,→,4.888607665121114e-05,＝,5.483437959863391e-05
という,4.698294142635451e-05,怖い,4.716061508591718e-05,ぶつ,5.037558513965035e-05,貯まる,4.830426698532175e-05,貯まる,5.433982874392118e-05
，,4.4781557820505746e-05,＝,4.6726194194435244e-05,ある,4.7248849414316396e-05,勝ち取る,4.797072323814433e-05,や,5.4216142542973245e-05
”,4.3422177369190074e-05,の,4.5792308263736814e-05,←,4.7083798957126e-05,どたばた,4.7105147319426166e-05,て,5.3583473076601607e-05
だ,4.2396115380927135e-05,ρ,4.392217436177681e-05,っす,4.684220426420804e-05,すく,4.56802382400312e-05,ぽん,5.2086719493971145e-05
◆,4.1844064425422545e-05,どたばた,4.380229313005746e-05,高い,4.5370001787725656e-05,です,4.404354309295311e-05,たい,5.018473297146997e-05
取り返せる,4.1829210118415894e-05,見る,4.202440217970782e-05,つぶやく,4.457710169158968e-05,とか,4.261423685536503e-05,＊,4.8987837933722744e-05
っす,4.1774100628444444e-05,呟く,4.0194213102418e-05,し,4.4526108020082056e-05,こい,4.240811204370143e-05,の,4.835530423485945e-05
勝ち取る,4.0909378474562885e-05,おやすみなさい,3.917966349953339e-05,暫く,4.129120045059942e-05,：,4.179572794160702e-05,なあ,4.595923203820629e-05
ます,4.083792817533016e-05,暫く,3.850975821539926e-05,という,4.114411421496378e-05,読める,4.1642322390123e-05,ぶつ,4.496870847892076e-05
｜,4.057706393256755e-05,すく,3.739995414053787e-05,どたばた,3.9454534698779575e-05,］,4.140865715662745e-05,すく,4.345345047118698e-05
どたばた,3.985451335086765e-05,ぼっと,3.460257052190219e-05,すく,3.935486768669172e-05,ぼっと,4.07007879735799e-05,暫く,4.279545566066023e-05
お,3.9677981743757584e-05,ぶす,3.409279009647381e-05,ω,3.8278473122543843e-05,［,3.994091889503171e-05,可愛い,4.0264229559605624e-05
　,3.932985955923396e-05,ね,3.328469476282514e-05,と,3.634441431499269e-05,。,3.9771915786412926e-05,，,3.945065735089237e-05
高い,3.794566524661924e-05,こい,3.3234248491553764e-05,へ,3.569016423854432e-05,『,3.940440293459524e-05,観る,3.847573497084422e-05
ρ,3.738676157249987e-05,けれど,3.2820564561553134e-05,思う,3.5397314064544716e-05,ぽん,3.934211244027708e-05,推す,3.843550280013819e-05
けど,3.6892485126061025e-05,、,3.277072066321107e-05,走る,3.5148859998557214e-05,ぶす,3.764516320814426e-05,まとめる,3.6822651154233554e-05
読める,3.600145456228443e-05,観る,3.197963286694083e-05,ρ,3.429470716409533e-05,てる,3.592013141773265e-05,まぁ,3.567496284051508e-05
する,3.558370196443672e-05,☆,3.080218082573971e-05,くらい,3.2770756778766064e-05,りん,3.589238061618705e-05,こい,3.558429503236482e-05
→,3.5473883519210325e-05,→,3.0141532481486877e-05,呼び出す,3.218119239523087e-05,暫く,3.42388934354565e-05,が,3.445087898079624e-05
すく,3.443710888717533e-05,なー,2.8501486527443554e-05,読める,3.2017027414621424e-05,ρ,3.371889822245677e-05,な,3.363468793127211e-05
無い,3.3505257835741986e-05,！,2.8235845198065768e-05,観る,3.15362481931869e-05,く,3.331221129054818e-05,よ,3.348918283663238e-05
描く,3.269105103709258e-05,ほめる,2.6738716086827097e-05,読む,3.133524372767038e-05,』,3.304969463335805e-05,＞,3.329896020187739e-05
暫く,3.146245563934169e-05,呼び出す,2.666890168534497e-05,貯まる,3.111020859436486e-05,わ,3.295563083161035e-05,］,3.307265970631246e-05
ぼっと,3.015443747522717e-05,Ｔ,2.6604583296063744e-05,な,3.0245734759515308e-05,走る,3.267565149178697e-05,［,3.275971241512021e-05
ほめる,3.014010099144926e-05,はっする,2.6443283160371145e-05,ぼっと,3.0145493145505853e-05,やん,3.147020556804048e-05,読める,3.2477430954025444e-05
観る,2.943333761629141e-05,○,2.6066274269043177e-05,苦しい,3.005161985236704e-05,行く,3.0976912177682614e-05,か,3.244789190026687e-05
★,2.89663783932248e-05,く,2.5072607634735178e-05,まあ,2.9753190009196295e-05,わかる,3.0336012256659828e-05,うい,3.216440096398543e-05
はっする,2.8791423791418858e-05,どっさり,2.4561725360805475e-05,煙る,2.9136778737726132e-05,ない,3.0012753163055628e-05,呼び出す,3.214286644515063e-05
はじめる,2.8587057694928752e-05,苦しい,2.4354881417609775e-05,＊,2.837342412020938e-05,小さな,2.9746097076732703e-05,やん,3.139156322806702e-05
な,2.8539913326297572e-05,Ｑ,2.4032772495741206e-05,はっする,2.817851234537816e-05,ああ,2.9377084677983945e-05,ぼっと,3.0963790192073404e-05
ぽん,2.7531831983784727e-05,ふる,2.2197003133772597e-05,怖い,2.8104871082512695e-05,―,2.92591878539028e-05,あ,3.087510385368919e-05
＞,2.6366452879789115e-05,痛い,2.1191312560175923e-05,ぶす,2.7891918714328945e-05,ん,2.900187259324838e-05,ない,3.081634432866576e-05
と,2.5489524422273035e-05,ぐるぐる,2.066272109346734e-05,ほめる,2.7655063194131912e-05,ありがとう,2.7998783328375687e-05,ほめる,2.903031066181505e-05
見れる,2.5474959084781368e-05,へ,2.0583860471212745e-05,こい,2.7350138705140026e-05,＊,2.7796489621700893e-05,寝る,2.8902107103712105e-05
呟く,2.527833395848944e-05,Σ,2.0171216567832495e-05,◆,2.6936738489191647e-05,から,2.7550911700036096e-05,もう,2.823461901035884e-05
☆,2.5082694551370466e-05,はじめる,1.9905032026756864e-05,ぽん,2.676742554030831e-05,悩む,2.7393129310548936e-05,つ,2.8221538569073168e-05
て,2.4148302805504507e-05,：,1.9839764614726363e-05,Ｔ,2.6536803513721452e-05,買う,2.5157888085325375e-05,★,2.8112940165248013e-05
勝つ,2.4084897543352746e-05,見れる,1.967470009034411e-05,とか,2.4308091540747867e-05,え,2.483974935396649e-05,とか,2.7940217094735154e-05
た,2.407622512456964e-05,ダラダラ,1.9345029787398715e-05,から,2.4014432942087716e-05,ほめる,2.3970542521900562e-05,ええ,2.5726566651229632e-05
の,2.4019302401590004e-05,及び,1.9297330970391435e-05,Ｑ,2.3963946736205166e-05,描く,2.352389414639333e-05,○,2.5196389019765952e-05
“,2.3515614026359266e-05,まったり,1.857133933491628e-05,た,2.3943929109426776e-05,下さる,2.2983097507034422e-05,』,2.4341482430689787e-05
ダラダラ,2.3406709400153325e-05,ピッタリ,1.7996314649382228e-05,どうぞ,2.3127714935844423e-05,苦しい,2.294488743526113e-05,苦しい,2.4256283928769662e-05
ｄ,2.279796206727802e-05,きっと,1.7875267217637436e-05,の,2.264372331217679e-05,はっする,2.2917074393613568e-05,読む,2.3763493707806838e-05
＾,2.2116312833886376e-05,悩む,1.776496446281861e-05,も,2.233398675555165e-05,まずは,2.2479182861578906e-05,ぶす,2.3743676806353697e-05
やん,2.0742371630078082e-05,っす,1.741848628245002e-05,推す,2.230842614425743e-05,どっさり,2.1791379011260048e-05,▽,2.3313478658471e-05
書く,2.040492030097596e-05,＋,1.7202600267829382e-05,→,2.2108643212170875e-05,Ｔ,2.1673344013373175e-05,おお,2.2249190208767367e-05
第,1.9797919456276958e-05,てる,1.7054485793255303e-05,ちょっと,2.1231419409795116e-05,◆,2.149861761735483e-05,ノ,2.2219628293740357e-05
――,1.9406189556647746e-05,ノ,1.6505424755508535e-05,みる,2.1205434715176885e-05,☆,2.143104515961447e-05,この,2.17617761507638e-05
つ,1.9192080407681722e-05,まずは,1.6478984148471376e-05,ぐるぐる,2.022860108885638e-05,どる,2.100520539483064e-05,くる,2.1047580560873413e-05
＊,1.8735059160279732e-05,賢い,1.647868093357374e-05,まずは,2.016021555917291e-05,すぎる,2.0103012655092733e-05,”,2.085153518938121e-05
どうぞ,1.8625469392352656e-05,見直す,1.6378596308763704e-05,買う,1.9972739910389947e-05,Ｑ,1.9575604313648576e-05,“,2.070691252742396e-05
＆,1.8595225936834936e-05,初,1.63076583453714e-05,なる,1.9900560502605913e-05,って,1.9396468562304925e-05,及び,2.0645695186449764e-05
しつける,1.8543997984843408e-05,あに,1.5811894991335507e-05,つらい,1.9889369291758996e-05,なあ,1.855959456076306e-05,『,2.058994529674507e-05
総,1.8200541246682356e-05,ｄ,1.5613099097366856e-05,出る,1.9708328958700783e-05,出す,1.8254835157938132e-05,しつける,2.0444581400047568e-05
▽,1.813766251490545e-05,つ,1.537177888111252e-05,及び,1.9560105950611195e-05,どうぞ,1.819148705450857e-05,はっする,1.9952300786219013e-05
あに,1.8135396143592608e-05,分かる,1.5083354388378822e-05,ねー,1.9537227898269727e-05,大きな,1.8074882014329496e-05,描ける,1.9744928713261167e-05
ちょっと,1.8036715710989526e-05,どうぞ,1.4829283279782501e-05,ダラダラ,1.9341112330595323e-05,欲しい,1.7896410638984506e-05,く,1.957067591917827e-05
出す,1.7774138886483826e-05,ｗ,1.4564023396723691e-05,貯める,1.90734497859113e-05,成る,1.7386487207393664e-05,萌える,1.9562835487429986e-05
つらい,1.7653666440242688e-05,きかす,1.410430068315982e-05,やっぱり,1.90213827524488e-05,賢い,1.626306220203766e-05,ピッタリ,1.9400988199302915e-05
苦しい,1.747133459883976e-05,使う,1.4045311861332621e-05,悩む,1.8801825323766508e-05,ｄ,1.539856727217348e-05,ねぇ,1.939492419711364e-05
見る,1.738270906470607e-05,つらい,1.4032118098583624e-05,ピッタリ,1.8577506056716153e-05,遊べる,1.5333984514254162e-05,悩む,1.920171749125732e-05
新,1.7304789938887843e-05,御意,1.3836946709089304e-05,初,1.834570834691185e-05,まぁ,1.532004195070602e-05,で,1.8643744696511533e-05
萌える,1.708287515711504e-05,ぶらり,1.3762402588213263e-05,出す,1.8086867602074008e-05,＆,1.5011065323422557e-05,あぁ,1.862772275329494e-05
あ,1.696600668399384e-05,とか,1.349188728227979e-05,ぞ,1.7694967952341933e-05,つ,1.4864314605289586e-05,見る,1.818416331356154e-05
どっこいしょ,1.6592234954426743e-05,新しい,1.3456597815819649e-05,あに,1.7660404536989915e-05,しつける,1.4840462272069921e-05,高,1.8178608812369212e-05
Ｔ,1.6525069705286555e-05,しつける,1.3338235117510422e-05,まったり,1.7643686523127755e-05,ふる,1.4654366888300352e-05,つらい,1.8154649826351843e-05
りん,1.6402034469398252e-05,＜,1.3045454269278167e-05,やる,1.7442689707602987e-05,ぐるぐる,1.4502402789995372e-05,くださる,1.7809378518918173e-05
どっさり,1.6014295123323308e-05,すい,1.2950183579163443e-05,いう,1.7428478400249858e-05,あく,1.4464074850062403e-05,【,1.7532062773661927e-05
元,1.527633521691829e-05,よー,1.2900051588049521e-05,御意,1.709500723767743e-05,だけ,1.4382419416314463e-05,どっさり,1.6788325044592156e-05
ふる,1.5180862029340325e-05,＾,1.2735061341362375e-05,どっさり,1.7065468785215643e-05,】,1.432384679278531e-05,！,1.6736480798917874e-05
分かる,1.5171944010905491e-05,役に立つ,1.2613607503486612e-05,○,1.678538684346531e-05,どっこいしょ,1.4153923627580056e-05,する,1.6585243647559977e-05
ε,1.4806416534840494e-05,ずーっと,1.2463657346528656e-05,わかる,1.6551145298304704e-05,初,1.388486454212412e-05,出る,1.636783250402729e-05
…,1.4801969065225684e-05,勝つ,1.2364532511410786e-05,はじめて,1.651258049228943e-05,御意,1.3879123775262237e-05,すい,1.6062177194853255e-05
脱,1.4759942857378583e-05,高,1.2081070339675648e-05,見れる,1.650299654243348e-05,きかす,1.3810686647297565e-05,←,1.604510852004637e-05
まったり,1.4723259976645586e-05,行く,1.2080385259793935e-05,守る,1.6259967445586554e-05,まったり,1.3720001126649173e-05,ど,1.58369497780253e-05
ぶらり,1.4461076556115948e-05,たぶん,1.2055030477853279e-05,☆,1.623617137036515e-05,あに,1.3639915848240314e-05,。,1.565347728027522e-05
○,1.4244298517818166e-05,か,1.2033944107647798e-05,きかす,1.587754125109697e-05,゜,1.3251038748274269e-05,痛い,1.5652033707791446e-05
イイ,1.4135846123752849e-05,寝る,1.1960093466489852e-05,終える,1.582251121290401e-05,れる,1.3167964015403655e-05,◆,1.557296563314825e-05
こんばんは,1.4093020633376696e-05,どっこいしょ,1.181920175075124e-05,】,1.5613383783752433e-05,役に立つ,1.3106757511316403e-05,作る,1.5514092834401083e-05
ヾ,1.3741364518038424e-05,手堅い,1.176273314384968e-05,φ,1.510737856003086e-05,なー,1.3106276770424863e-05,行く,1.5497889066073967e-05
まずは,1.3622800074108987e-05,　,1.1635076772265052e-05,っていう,1.5068116212990645e-05,´,1.3024732387845184e-05,ねー,1.5348604309628477e-05
悩む,1.3621458408330511e-05,なあ,1.1607489209031208e-05,――,1.498140691857941e-05,つかわす,1.2793468319394208e-05,言う,1.5286353539645248e-05
まあ,1.356968967158867e-05,歌う,1.1553966500987833e-05,◎,1.4851724641884445e-05,萌える,1.2584524051173496e-05,なんか,1.5096114240664704e-05
うーん,1.2903453190160619e-05,する,1.118890486928592e-05,使える,1.4682290008227739e-05,やばい,1.2548187815264455e-05,に,1.505059025241895e-05
凄い,1.2767191443829873e-05,ヽ,1.11831515984262e-05,お疲れ様,1.463396665279948e-05,ダラダラ,1.2456042388309108e-05,ぐるぐる,1.4744071632044609e-05
下さる,1.2544930865776571e-05,どる,1.1133819986963722e-05,ぶらり,1.433610083789727e-05,てか,1.2386799289054728e-05,決まる,1.4644543400055277e-05
とりあえず,1.2122770501887814e-05,終える,1.1132200746888365e-05,あさる,1.3947279273174296e-05,無い,1.2309766459384086e-05,まずは,1.4388356095351718e-05
すい,1.2059616642301485e-05,あさる,1.1110817794146577e-05,ていう,1.3889293112190337e-05,くる,1.221635298287449e-05,答える,1.433238794767977e-05
役に立つ,1.1928803724803316e-05,はじまる,1.1093582680921088e-05,じゃ,1.381912778530836e-05,ぶらり,1.217560172483978e-05,御意,1.4232092004018426e-05
なんか,1.1857977237128559e-05,くる,1.0710267348557068e-05,▽,1.3736137082442923e-05,よ,1.2051259912881918e-05,脱,1.4031508393630432e-05
答える,1.1854272349731687e-05,で,1.0667940980702006e-05,まで,1.3627148537254108e-05,【,1.1925378445409862e-05,はじめて,1.3997836499801686e-05
ねむい,1.1837076926313195e-05,だけ,1.0633179001851012e-05,“,1.361052365356219e-05,‥,1.1758359199087742e-05,ダラダラ,1.375122319025035e-05
きかす,1.1725646170024362e-05,φ,1.05231542809614e-05,つ,1.3573305517544654e-05,やる,1.1732643838135992e-05,あに,1.3718323609523964e-05
険しい,1.1718736929178242e-05,守る,1.0520513299527856e-05,【,1.3476050717997623e-05,こりる,1.1521079551046753e-05,出す,1.3534017685445932e-05
として,1.1669641087008742e-05,こりる,1.0416073093266753e-05,？,1.3441702703786973e-05,読む,1.1447820531529374e-05,居る,1.3495083248771245e-05
つぶやく,1.1643228718938303e-05,組み合わせる,1.027503798922691e-05,意外と,1.3148830280695911e-05,終える,1.143692041138955e-05,どうぞ,1.3404556560514536e-05
もう,1.1522295393029403e-05,ので,1.026324634589848e-05,迷う,1.3055110063220354e-05,再,1.1399037822767966e-05,――,1.3328608208129644e-05
御意,1.1000266086580446e-05,ああ,1.0210757594331099e-05,役に立つ,1.274594719413713e-05,見直す,1.1373483859600242e-05,終える,1.2940632877267433e-05
そういう,1.0997380915367394e-05,決まる,9.930496734700256e-06,多い,1.2718025745539485e-05,けっこう,1.1364821999926278e-05,死ぬ,1.2707914730958336e-05
ひめる,1.0953413737913031e-05,煙る,9.891053342703238e-06,や,1.2366682954123576e-05,かわいい,1.1360918235059358e-05,＋,1.2618742536218974e-05
死ぬ,1.0884917262976579e-05,むっつり,9.81167030666974e-06,決まる,1.2266706703289998e-05,すい,1.1295322402071761e-05,っていう,1.2496313005039283e-05
塗る,1.0843642278657306e-05,たい,9.800286137062741e-06,かも,1.2153953523608152e-05,ひめる,1.1258565726701697e-05,ぶらり,1.2369342135221117e-05
ぬくぬく,1.0801417143158076e-05,そういや,9.73792660385886e-06,て,1.2083768924586735e-05,あさる,1.1217098630944555e-05,→,1.2254272656164744e-05
しかし,1.0669590884138103e-05,やん,9.668161026654687e-06,●,1.2075852283355282e-05,っていう,1.1085412150779739e-05,聴く,1.221874688639435e-05
ぽい,1.0656855574109336e-05,いみい,9.621228099887524e-06,しつける,1.1990515229709509e-05,手堅い,1.1078964581190398e-05,どる,1.2172261160903197e-05
ぜひ,1.0514580759513059e-05,え,9.491458426769128e-06,険しい,1.1958708417525443e-05,塗る,1.1078372647688184e-05,つぶやく,1.2162215708433344e-05
負ける,1.0458196443519086e-05,バン,9.457294548154138e-06,どる,1.1787721478806468e-05,ゆう,1.0980380712233284e-05,って,1.213955064760519e-05
言う,1.0377621708967943e-05,それでは,9.413384487566567e-06,苦しむ,1.1727105283187989e-05,き,1.0779922316683788e-05,られる,1.208537225472206e-05
られる,1.0145565340180518e-05,とる,9.335073425043028e-06,当たる,1.1715285419100496e-05,ねん,1.072114821099035e-05,ちゃう,1.2063523889493943e-05
賢い,1.004941967286399e-05,…,9.331340017904033e-06,かしら,1.1476455221481885e-05,彩る,1.0663268074306842e-05,ん,1.1914106516686118e-05
Ｑ,9.931843521160388e-06,生,9.326769684570024e-06,ｄ,1.1336629904823425e-05,ど,1.0517714838176317e-05,はぁ,1.1830455482586544e-05
ん,9.857981410288374e-06,崩れ落ちる,9.067001710882927e-06,稼ぐ,1.1266411225063777e-05,ござる,1.039947535275143e-05,ある,1.1747828086772216e-05
だけ,9.720889120545806e-06,待ち望む,9.018422511331003e-06,どっこいしょ,1.098755674777685e-05,とりあえず,1.0327389951103605e-05,あー,1.1706386527365886e-05
です,9.650343657408023e-06,稼げる,8.984301092862523e-06,とりあえず,1.0895578342995371e-05,いみい,1.0291439418663728e-05,による,1.1601635986902004e-05
っていう,9.639017334528432e-06,な,8.816600234218264e-06,ん,1.0779562906959583e-05,ねえ,1.0254345677696008e-05,Ｑ,1.1438297921273488e-05
手堅い,9.575112736137648e-06,脱,8.804814433327479e-06,ほぼ,1.072007331148761e-05,する,1.0229000185324466e-05,煙る,1.1435039269369618e-05
￣,9.571849263090293e-06,りん,8.793266684348211e-06,って,1.0707751918137554e-05,”,1.017441937334329e-05,どっこいしょ,1.1424743540322524e-05
り,9.522486213775494e-06,いむ,8.777364512213559e-06,やん,1.0659285558323184e-05,描ける,1.0108483477710983e-05,すぎる,1.1368802533717748e-05
えらべる,9.442909048140713e-06,小,8.75738541727955e-06,よ,1.0654627177530962e-05,はじめる,1.005656556352097e-05,わ,1.1365065676227637e-05
ためる,9.375396669453195e-06,えらべる,8.609222925559656e-06,たぶん,1.0624623230870434e-05,勝つ,1.0021906016066673e-05,ｄ,1.1355587905992337e-05
いう,9.361091340531758e-06,ためる,8.604096740416622e-06,脱,1.0485539683635636e-05,しか,9.931942701379981e-06,くれる,1.1269079006837046e-05
ぐるぐる,9.329628732457351e-06,彩る,8.577601334436302e-06,する,1.0312000388923437e-05,が,9.920315602762741e-06,だ,1.1025655139662582e-05
き,9.328946986686404e-06,作る,8.480986193881712e-06,ゆめ,1.0220207563915729e-05,なる,9.71444569752844e-06,塗る,1.0995508710975876e-05
゜,9.25788332661881e-06,ある,8.458258558996512e-06,むっつり,1.0148215908611924e-05,とれる,9.647018345493308e-06,きかす,1.0672181966930872e-05
終える,9.21425708710899e-06,すぎる,8.45483056399754e-06,賢い,1.010702687542775e-05,話せる,9.537458591446502e-06,手堅い,1.0524014531498871e-05
なく,9.20132605619628e-06,よろしく,8.26472457848837e-06,ε,1.0053396786724456e-05,ご,9.51923310255065e-06,むっつり,1.0495655550446514e-05
おもろい,9.172852736050174e-06,出る,8.200295361859844e-06,変わる,9.89956573849149e-06,“,9.492149119716409e-06,崩れ落ちる,1.0424418462329221e-05
ね,9.168697395645076e-06,当たる,8.184577304781726e-06,よむ,9.881675980927263e-06,ある,9.441883877414625e-06,いる,1.0353477176705539e-05
行く,9.165751015172141e-06,みる,8.08794669626689e-06,に,9.819710698466544e-06,ぬくぬく,9.388803092424958e-06,ぜひ,1.0286344309884399e-05
あさる,9.160146009712378e-06,貼る,8.073243002892916e-06,〜,9.765445046716614e-06,頂ける,9.314255060899335e-06,初,1.0216174875732342e-05
まく,9.15974903725747e-06,出す,8.057150455820228e-06,けども,9.758675688975593e-06,思う,9.307817699144572e-06,〜,1.0162390678747357e-05
つつ,9.129025772991461e-06,苦しむ,8.01589458621077e-06,話せる,9.707853260709776e-06,とても,9.209812251498306e-06,帰る,1.008251700251872e-05
かも,9.100725248400998e-06,ぜひ,8.004211670131767e-06,こりる,9.630102384750039e-06,いい,9.05295143027729e-06,まったり,1.002631740520954e-05
新しい,9.094762814743085e-06,てか,7.988498346045425e-06,ねだる,9.596973156722477e-06,お,9.034586159750724e-06,全,9.99418359703963e-06
から,8.902559244461372e-06,――,7.969416693121012e-06,はじめる,9.596327382066505e-06,偉い,9.027449744292149e-06,◎,9.880234248749176e-06
見直す,8.897445866296039e-06,険しい,7.963649106823567e-06,肥える,9.577937074789489e-06,――,8.945903578805314e-06,ε,9.796085581714742e-06
組み合わせる,8.879115739102161e-06,よむ,7.805477297839758e-06,見直す,9.485730927516478e-06,なく,8.910142515139441e-06,また,9.76082738046724e-06
って,8.8306210886957e-06,見つかる,7.801406468721517e-06,崩れ落ちる,9.424771692634337e-06,やく,8.878570083470372e-06,かっこいい,9.749467601127826e-06
は,8.733303166974515e-06,による,7.750484972368632e-06,ただいま,9.268594714617606e-06,守る,8.819839864226964e-06,うわ,9.699361226744863e-06
面白い,8.719476853880082e-06,ひめる,7.717994686684548e-06,´,9.244503456407038e-06,ヾ,8.816262875410708e-06,えらべる,9.593745310176871e-06
くださる,8.715618231680544e-06,はじめて,7.64705075062544e-06,手堅い,9.243936470060277e-06,煙る,8.765565212454085e-06,守る,9.58077639456878e-06
描ける,8.642031547045903e-06,ぜんぜん,7.634131049982784e-06,送れる,9.181809274116937e-06,んで,8.737025612659544e-06,おる,9.296264590785697e-06
へ,8.591707426952588e-06,わかる,7.603909884190685e-06,組み合わせる,9.156302970492192e-06,組み合わせる,8.723985946090806e-06,いや,9.27275643702874e-06
止める,8.54501447733469e-06,送れる,7.592151951452131e-06,バン,9.13690529213973e-06,では,8.698034256404696e-06,反,9.160421775789018e-06
貯める,8.515116890150942e-06,いろいろ,7.511690227390844e-06,萌える,9.044399401636483e-06,もう,8.528767900251033e-06,＼,9.117754172005554e-06
ちる,8.501672771776825e-06,き,7.496916778260143e-06,ためる,8.993154005931814e-06,やっぱ,8.5032851049327e-06,べ,9.115572901841063e-06
よむ,8.498491735342562e-06,いたす,7.430956019960355e-06,はてな,8.953146499623976e-06,ためる,8.461504607870651e-06,削れる,9.014003027774109e-06
お疲れさま,8.456313512872349e-06,まく,7.429102744205274e-06,そこそこ,8.929533721224736e-06,答える,8.442569259248245e-06,他,8.89899482747758e-06
はじまる,8.308391236555579e-06,かる,7.397328835923034e-06,えらべる,8.876867088947193e-06,可,8.01574215025802e-06,待ち望む,8.636780812976141e-06
副,8.2917905597224e-06,やく,7.370427203556851e-06,あんまり,8.787110065022752e-06,良い,7.988255144808498e-06,賢い,8.59750093895606e-06
ござる,8.269496741375448e-06,なく,7.348303526000244e-06,．,8.70811607900368e-06,よむ,7.961448346138766e-06,苦しむ,8.51254362943532e-06
多分,8.260682277883014e-06,ぽい,7.310328166698632e-06,伸びる,8.69356572252844e-06,決まる,7.868339695127347e-06,とても,8.494825195382028e-06
■,8.2482829233399e-06,肥える,7.223942487311064e-06,女,8.64770000108539e-06,迷う,7.863526106599572e-06,あさる,8.461866025211151e-06
やく,8.176873021348285e-06,すごい,7.2160432809109665e-06,握る,8.58348855636848e-06,お疲れさま,7.847561968588046e-06,うまい,8.450392967374043e-06
おどる,8.135452811419697e-06,ｐ,7.177520301882012e-06,痛い,8.522473662564423e-06,、,7.6207318326915185e-06,ためる,8.427994430237895e-06
こりる,8.103668350800675e-06,うまい,7.136670805318879e-06,終わる,8.520497057018517e-06,意外と,7.604653531778638e-06,）,8.40803268853385e-06
つむ,8.041106433820389e-06,ほじる,7.102609954623418e-06,すぎる,8.457566326169896e-06,ねェ,7.60055688397987e-06,ぜ,8.39324028933941e-06
反,7.920163612840092e-06,が,7.0738120284685735e-06,ｗ,8.424416184205086e-06,多い,7.444584986582292e-06,ぬくぬく,8.332101240626777e-06
―,7.863501838123454e-06,（,7.066029021562947e-06,いみい,8.40969126481017e-06,いたす,7.404633255103654e-06,ほじる,8.292744240523398e-06
を,7.82254168096852e-06,『,7.030961585274831e-06,り,8.409105019202556e-06,Ｍ,7.395110736552191e-06,じゃ,8.155073278337532e-06
握る,7.810341020042522e-06,ぬくぬく,6.984620780081663e-06,待ち望む,8.399690197280485e-06,寝る,7.382547270728956e-06,んで,8.129129645650934e-06
ねだる,7.800713100358792e-06,‥,6.962552689726564e-06,ほじる,8.301889426909348e-06,出る,7.3477662743126615e-06,お,8.09226707954025e-06
つかわす,7.762444285797088e-06,頂ける,6.8799798915719634e-06,小,8.285969921306702e-06,Ｉ,7.340587141135835e-06,稼げる,8.071846599122523e-06
大,7.70075339950882e-06,流れる,6.842987448241189e-06,ね,8.257796993538236e-06,ねがう,7.295346482472098e-06,やっぱ,7.986739438359258e-06
使える,7.698037105763333e-06,ねェ,6.82007181596056e-06,すい,8.240093294364925e-06,φ,7.277907438707487e-06,なく,7.926952582226754e-06
ない,7.63307002238367e-06,変わる,6.817813364867753e-06,しっかり,8.098912565035477e-06,Ｂ,7.227504733919865e-06,つむ,7.863256678120045e-06
暑い,7.586704123152543e-06,効く,6.76003190702712e-06,彩る,8.010738289709884e-06,約,7.227172687751526e-06,見せる,7.842001547242461e-06
考える,7.53075149206861e-06,なんだか,6.724559326931612e-06,Σ,7.930566814695617e-06,＼,7.16415323909203e-06,険しい,7.838569203610923e-06
‥,7.52100040768422e-06,食う,6.665217405110724e-06,として,7.83435624229778e-06,えらべる,7.145769951866221e-06,こりる,7.77031458809585e-06
□,7.518463093103556e-06,遊ぶ,6.3875460087903235e-06,っぽい,7.749189777861432e-06,軽い,7.136622058978581e-06,おやすみ,7.680579050872716e-06
目指す,7.517098510767539e-06,選ぶ,6.327165362196574e-06,軽い,7.7068583166362e-06,ちゃんと,7.129124117044583e-06,あっ,7.629153489618901e-06
降る,7.454212738178256e-06,迄,6.2759878608487085e-06,やっと,7.678609885375387e-06,この,7.103097567462413e-06,】,7.598432775091091e-06
ｎ,7.281447755524972e-06,良い,6.258253727242646e-06,しかし,7.565988277224989e-06,つくれる,7.1001974910611665e-06,肥える,7.459284633970498e-06
やる,7.277413005879474e-06,ど,6.247189442309953e-06,調べる,7.466213408746647e-06,送れる,7.09296199574716e-06,小,7.418998608121896e-06
バン,7.236051860481929e-06,迷う,6.1341079455878855e-06,いろいろ,7.420205419106374e-06,ぜひ,7.005478478427918e-06,はてな,7.410795095141864e-06
ねェ,7.2193606522885645e-06,）,6.127864987770515e-06,づらい,7.22253107487969e-06,なんで,6.993609218297614e-06,わぁ,7.384545968380785e-06
どる,7.165992461199977e-06,いる,6.120009386934022e-06,ともかく,7.182947554418284e-06,β,6.9825047244176375e-06,にゃ,7.381427563513121e-06
ワクワク,7.1623143597099315e-06,あの,6.095456475230243e-06,結構,7.011552076163774e-06,づらい,6.974949326665758e-06,ほんと,7.3524356148935155e-06
頂ける,7.155982629569735e-06,とれる,6.067973603474108e-06,ψ,6.965744749565239e-06,はやい,6.968879908031411e-06,かわいい,7.309315763093238e-06
し,7.109619241774112e-06,凄い,6.047310333712197e-06,悪,6.831189472200627e-06,ねむたい,6.796613058357437e-06,＾,7.302473847170532e-06
うすい,6.966544834008381e-06,いろんな,6.023606923588609e-06,とれる,6.767240094518456e-06,まとめる,6.770689187196588e-06,見直す,7.182896080260015e-06
とむ,6.892141283465492e-06,いう,5.933856084605615e-06,一応,6.758200327361408e-06,◎,6.7684698048520175e-06,頂ける,7.157222415288267e-06
ねがう,6.8913482021981665e-06,おる,5.880365207544536e-06,そして,6.755537402480805e-06,険しい,6.722621076038493e-06,役に立つ,7.1388896999424745e-06
お疲れ様,6.890508767343206e-06,｜,5.8564559588525356e-06,ぬくぬく,6.6954658007878365e-06,ｎ,6.614750664102331e-06,組み合わせる,7.036217157141422e-06
きっと,6.876520490028959e-06,話せる,5.855108809682541e-06,こっそり,6.637303005319062e-06,っす,6.5506768280876315e-06,伸びる,7.012463226763188e-06
うわ,6.847014553779118e-06,おどる,5.835514695795574e-06,そろそろ,6.5123034788117096e-06,ぐらい,6.542006720455795e-06,‘,6.9933344070127745e-06
おもしろい,6.8352477845534665e-06,はる,5.791084898176813e-06,りん,6.46079424349022e-06,乗る,6.539792655746446e-06,泣く,6.977729963053569e-06
安い,6.814021854095742e-06,むく,5.727163765567589e-06,こうした,6.4572362452608445e-06,とむ,6.512208843623135e-06,可,6.865659780475042e-06
寒い,6.807949958442805e-06,乗る,5.70756209328227e-06,：,6.454344363637787e-06,一方,6.408511503463998e-06,だが,6.829374170180813e-06
全,6.78171267110006e-06,取り戻す,5.678044729062748e-06,迄,6.4498502138077285e-06,たぶん,6.393571070129056e-06,使う,6.806082978316752e-06
かる,6.781468045780059e-06,■,5.635987475050008e-06,＞,6.4272758920624895e-06,みる,6.378203356471879e-06,安い,6.800346700863713e-06
出来る,6.7631997984207715e-06,すみません,5.600753629098065e-06,いい,6.354908711148077e-06,薦める,6.363693686117777e-06,はっ,6.781716795134507e-06
すぎる,6.749932716210161e-06,ψ,5.58349042367734e-06,せんする,6.349314368381265e-06,そもそも,6.358585775356751e-06,き,6.743405077669351e-06
や,6.708391027787641e-06,から,5.5747477473166995e-06,まだ,6.34565273271992e-06,おいしい,6.354774577999045e-06,ただ,6.7076852323655345e-06
がんばれる,6.682520950374027e-06,ていう,5.5416472869440625e-06,ば,6.342496046585211e-06,に,6.301769332472951e-06,たぶん,6.6911032386984814e-06
彩る,6.567505811294616e-06,ｎ,5.5395222090526275e-06,しれる,6.3397713095936226e-06,めんどい,6.1561025739287345e-06,ねがう,6.637604501924521e-06
てる,6.466255401460508e-06,お疲れさま,5.535152684421618e-06,Θ,6.3053803480705994e-06,某,6.1401748484568586e-06,飲む,6.6077877762804604e-06
当てる,6.394472752635494e-06,寒い,5.4094569658103e-06,思いっきり,6.30483925345704e-06,苦しむ,6.122048129997282e-06,いみい,6.5113719491805e-06
いみい,6.299980636281788e-06,つむ,5.397462414458154e-06,”,6.290384823803841e-06,行ける,6.101958023418952e-06,やく,6.504224693060223e-06
くらい,6.2602977081160915e-06,可,5.390140995431558e-06,まとめる,6.271476352903704e-06,有る,6.0744248372435194e-06,ｐ,6.329004490157608e-06
はあ,6.227371218137101e-06,◎,5.309664008912307e-06,可,6.262985801752663e-06,はじまる,6.074399075628456e-06,大,6.320683285321316e-06
こっそり,6.193353333294738e-06,という,5.263978260061641e-06,（,6.253115024890121e-06,○,6.0554232180765055e-06,彩る,6.284758918395639e-06
うい,6.17518423662311e-06,こうした,5.252217042173157e-06,もう,6.239606982427759e-06,稼ぐ,6.046238290591255e-06,へ,6.273965911907098e-06
良い,6.15916291124563e-06,｀,5.230282420276566e-06,安い,6.220326248973507e-06,効く,6.00513889881249e-06,当たる,6.248550627696581e-06
物凄い,6.092662709122898e-06,腐る,5.208478964568997e-06,やく,6.145696292536584e-06,ので,5.9851084788231645e-06,ｗ,6.203370005786191e-06
迄,6.051354280445231e-06,ねがう,5.191374893964706e-06,だけ,6.078742830650796e-06,すごい,5.976469819590768e-06,見つかる,6.1788469265522394e-06
再,6.0421499070706375e-06,聴ける,5.146219278051589e-06,おやすみなさい,6.0653916286179665e-06,）,5.9093356046258094e-06,握る,5.962790401659035e-06
いむ,6.002427281881495e-06,始まる,5.12134709185208e-06,まぁ,6.0530260427293925e-06,ほじる,5.816974213757042e-06,にて,5.898008666460619e-06
その,5.939753207062637e-06,なぁ,5.078021663496024e-06,ねェ,6.011585053200541e-06,たつ,5.807308127381283e-06,ねェ,5.882379595312237e-06
スッキリ,5.915483351048856e-06,なんとか,5.035768872119206e-06,ｐ,5.932288246413009e-06,ずーっと,5.775410676922554e-06,美味しい,5.8631215285043226e-06
ねん,5.913787904154866e-06,思いっきり,4.980126354192649e-06,なく,5.931105816148197e-06,こっそり,5.7234897044011745e-06,眠い,5.861513739269242e-06
間もなく,5.888250327767963e-06,＞,4.955319914623502e-06,ただ,5.907081719547236e-06,つむ,5.721442955075595e-06,おもろい,5.760486012751365e-06
悪,5.88124317579819e-06,過ぎる,4.930730591601318e-06,つつ,5.868709581524634e-06,当,5.666087897870931e-06,φ,5.760038477631291e-06
走る,5.874655371163051e-06,ド,4.906383491931621e-06,分かる,5.767475787732401e-06,じゃ,5.6522693469007734e-06,送れる,5.725234436093629e-06
まじ,5.81579973479851e-06,某,4.883289325130491e-06,載る,5.748079457079669e-06,起きる,5.648996438178955e-06,はじまる,5.709102009587852e-06
ちゃんと,5.790987811282733e-06,Ｊ,4.882181739440661e-06,うい,5.718531336906807e-06,脱,5.509745213960748e-06,＠,5.637537930147651e-06
Ｉ,5.7699588790205425e-06,悪,4.852132926336239e-06,他,5.67919178351417e-06,まくる,5.457349731230465e-06,ねだる,5.636383993312677e-06
／,5.745860178096862e-06,うるおう,4.834481965976245e-06,による,5.653164460661664e-06,実に,5.318819428667965e-06,相変わらず,5.612958532963397e-06
おく,5.735411079510477e-06,当,4.8341606002644255e-06,Ｉ,5.612764987006358e-06,飲む,5.171402207237996e-06,よむ,5.59727672355681e-06
薦める,5.721897459509684e-06,湿る,4.8037626383390375e-06,バレる,5.598068275380896e-06,そういや,5.116183666609153e-06,ひんやり,5.591517087899511e-06
など,5.702471993385139e-06,おもしろい,4.7872123066783345e-06,元,5.5693528442368745e-06,有難う,5.104054565552296e-06,おどる,5.495578532022094e-06
迷う,5.702100958071554e-06,つかれる,4.751574473993436e-06,やすい,5.560742969534793e-06,へん,5.103953754193036e-06,偉い,5.4865255385561085e-06
み,5.6687747179706705e-06,小さな,4.746985863279818e-06,＜,5.4988972789660195e-06,おどる,5.085974581597874e-06,れる,5.483329743372067e-06
実に,5.593037666895562e-06,軽い,4.736473071531577e-06,＆,5.450068805701314e-06,迄,5.0556676509661e-06,忘れる,5.464468133098421e-06
作る,5.5608875334511865e-06,うーん,4.723589232313863e-06,‘,5.4259330397599115e-06,見せる,5.034589284802493e-06,とかいう,5.4300062943823946e-06
ちゃう,5.550893955041936e-06,すでに,4.714158515772837e-06,゜,5.415805437891663e-06,着く,4.980026870216037e-06,しかし,5.428021871978217e-06
く,5.544118402811549e-06,ただ,4.689027716886507e-06,小さな,5.354166314086584e-06,凄い,4.9587810304618785e-06,だいたい,5.414571043527161e-06
とくとく,5.526425877699914e-06,に関する,4.679755273517827e-06,なんとなく,5.348421137640891e-06,素晴らしい,4.9067816936254616e-06,さぁ,5.413991738145718e-06
可愛い,5.493841017334411e-06,へん,4.665778406520715e-06,たつ,5.3267323572026015e-06,取り戻す,4.9019241727954466e-06,ぜんぜん,5.386979176624784e-06
ノ,5.491854447203792e-06,聴く,4.653778957197652e-06,たまる,5.290891785136864e-06,による,4.896250539010438e-06,眠れる,5.3724227994100815e-06
思う,5.452614199930039e-06,聞く,4.64293806490268e-06,とむ,5.2879873553290935e-06,走れる,4.811268492499465e-06,まあ,5.262577135067836e-06
取り戻す,5.4467899779364615e-06,ねだる,4.60666548141031e-06,らしい,5.269349625081077e-06,稼げる,4.794556507370373e-06,そんな,5.252041503145399e-06
わあ,5.3782217576126e-06,ｑ,4.591306582479859e-06,覚える,5.258042825140308e-06,帰る,4.793095914723544e-06,おや,5.152702534205744e-06
ぶる,5.328011173144631e-06,ん,4.575093296654842e-06,届ける,5.19625654782363e-06,届ける,4.769623765943365e-06,らしい,5.134137946227746e-06
っぽい,5.287407982224046e-06,もう,4.561203953090676e-06,かなり,5.1903401157016305e-06,むく,4.76565328699774e-06,ド,5.112156551301261e-06
よお,5.228419124203576e-06,▽,4.556114761022911e-06,勝つ,5.181786635666263e-06,けど,4.702721766891571e-06,勝つ,5.028529769468548e-06
何となく,5.227584986111644e-06,届ける,4.472061693072682e-06,とくとく,5.142799211599325e-06,＾,4.650012397577896e-06,のみ,4.988640219139029e-06
β,5.1561062146543435e-06,もつ,4.423027889721709e-06,はじまる,5.134292480168945e-06,イイ,4.63792475424718e-06,ω,4.955614735568936e-06
なり,5.111633468835031e-06,●,4.374820019914516e-06,続く,5.124294043534761e-06,とかいう,4.630970865782125e-06,ぐらい,4.910264250423957e-06
それにしても,5.054456250985773e-06,伸びる,4.3447194212342666e-06,頂ける,5.0507728228676996e-06,うまい,4.60525425816094e-06,から,4.907700110967639e-06
＠,5.033436053292206e-06,まとめる,4.312875902190427e-06,むすぶ,4.972347383169762e-06,ところで,4.57868167824671e-06,元,4.872679704392979e-06
ほじる,5.027152766179377e-06,削れる,4.303140959005525e-06,たり,4.92612590907715e-06,それでは,4.559445551999275e-06,こうした,4.862071402933488e-06
こうした,5.026054934798019e-06,よい,4.297848481105149e-06,歌う,4.897414726978688e-06,ねむい,4.5205659831015765e-06,覆る,4.832971339685521e-06
おかえり,4.99031432388275e-06,つくれる,4.268252584038734e-06,さすが,4.881130218126195e-06,…,4.496058890079979e-06,いたす,4.823806592946234e-06
えーと,4.929513296780819e-06,ない,4.2608518735498535e-06,高,4.869627618586669e-06,取り敢えず,4.483068650973365e-06,悪い,4.790162108858631e-06
ある,4.888074341291571e-06,よし,4.259826643537856e-06,薦める,4.85700766017505e-06,はる,4.465386687413364e-06,こんな,4.773374701394495e-06
煙る,4.874245011388112e-06,◆,4.223753966914323e-06,に関する,4.853185956887884e-06,眠い,4.45010918670441e-06,み,4.766687038748607e-06
軽い,4.8480111615178956e-06,成る,4.223708653605662e-06,成る,4.8098968444820756e-06,何だか,4.448535445455981e-06,快,4.76334479704299e-06
けんじる,4.802296248329618e-06,．,4.187050733572839e-06,かわいい,4.79733334723953e-06,変わる,4.446497394394733e-06,それでは,4.746540039679559e-06
では,4.797025284886125e-06,つかわす,4.1863945597908625e-06,ぐらい,4.75013043454986e-06,全,4.428134995793087e-06,取り戻す,4.7299868268790846e-06
探す,4.7758816403842275e-06,えっ,4.162223139925203e-06,…,4.67185568087114e-06,売る,4.3838401797557935e-06,当,4.729094483346685e-06
短,4.756913005055097e-06,何だか,4.15731958458565e-06,お,4.6698815653334336e-06,辛い,4.302329000949179e-06,似る,4.7139157631770345e-06
ぜんぜん,4.748811146870757e-06,握る,4.156586749681779e-06,遂に,4.6654706362669884e-06,よる,4.289749803043641e-06,話せる,4.695177732716438e-06
美味しい,4.7467089226982395e-06,薦める,4.153838822462674e-06,ど,4.660267220457648e-06,何故か,4.285224175060165e-06,やす,4.683904745839129e-06
送れる,4.739510100937316e-06,負ける,4.1346457129165515e-06,薄い,4.6154182681279465e-06,どー,4.272604782751266e-06,とる,4.6695521688233654e-06
かっこいい,4.712437237541778e-06,どー,4.1324993550473366e-06,ひんやり,4.569996464809378e-06,ねだる,4.255367365146867e-06,生,4.653380330732482e-06
るる,4.698166035543849e-06,あんじる,4.120045693722929e-06,走れる,4.5668444117463736e-06,だ,4.228022089547423e-06,愛す,4.616794735512464e-06
どう,4.681948399531954e-06,まったく,4.109042424427223e-06,辛い,4.50544044960921e-06,伸びる,4.185086218466694e-06,こう,4.6099624068096645e-06
γ,4.6725084399401595e-06,ヾ,4.08166397858345e-06,いろんな,4.4279533717439534e-06,ただいま,4.180346365179055e-06,効く,4.595592219991396e-06
まず,4.6644728893818765e-06,御座る,4.042270825177496e-06,別に,4.427245811622349e-06,られる,4.174503562381915e-06,あれ,4.583396189361544e-06
頂く,4.6532345367999994e-06,だいたい,4.028310902182142e-06,効く,4.376705921460555e-06,γ,4.163056906314466e-06,貼る,4.575617110758046e-06
つまり,4.64690094093001e-06,でる,3.97875108715251e-06,かまう,4.373595525297702e-06,覆る,4.074130723119573e-06,使える,4.561752988352374e-06
：,4.636962756432439e-06,美味しい,3.91762894413894e-06,なくなる,4.369431556461301e-06,ぜんぜん,4.070566339220427e-06,ガンバる,4.556657229426442e-06
くう,4.626391372775096e-06,あく,3.8960177273228425e-06,《,4.353114829713789e-06,おかえり,4.068572398319148e-06,あう,4.529262197516815e-06
おる,4.572013475034886e-06,間もなく,3.867678339819491e-06,とっても,4.333330583916606e-06,に関する,4.066128669211189e-06,笑う,4.504978122765735e-06
走れる,4.543793850508848e-06,会う,3.837180466814694e-06,この,4.330537884733587e-06,ええ,4.064985796858878e-06,β,4.499338726704494e-06
ほんと,4.515781610536784e-06,下がる,3.836077731911303e-06,ねがう,4.3119618093889756e-06,聴く,4.041087471096105e-06,より,4.495649605251728e-06
いまいち,4.5039259970458545e-06,もちろん,3.832717123675167e-06,ふむ,4.30463823064553e-06,使える,4.031899588419208e-06,でる,4.48623997473252e-06
ｂ,4.488148188541707e-06,揃う,3.821095969858135e-06,遊ぶ,4.240365090391052e-06,くらい,4.0314691481802e-06,迄,4.485672322362966e-06
色々,4.4308894471267735e-06,実に,3.765503235553247e-06,つかわす,4.237032773968252e-06,沸く,4.023304490008428e-06,前,4.471354407176165e-06
すっごい,4.3051225095958046e-06,無い,3.7323199399974527e-06,一方,4.177272856176195e-06,そーいや,4.001476465731457e-06,ながら,4.430821000322993e-06
ゆる,4.2921957393859955e-06,↑,3.7198415798744833e-06,どころか,4.126392701420123e-06,まい,3.9694907961740356e-06,かりる,4.411448375152283e-06
苦しむ,4.287862103269369e-06,短,3.704887296951398e-06,実に,4.101461437922005e-06,代わる,3.9507122207016465e-06,なる,4.40794262035471e-06
始まる,4.267084169229385e-06,終わる,3.7026714012622364e-06,》,4.09516151500533e-06,かわゆい,3.94540823678291e-06,まで,4.380977814633091e-06
ほぼ,4.241766425105986e-06,求む,3.694802399811792e-06,示す,4.0883330253427275e-06,聞く,3.923531384897316e-06,実に,4.343058814360035e-06
続,4.230099838631318e-06,うすい,3.684291530636763e-06,ぜんぜん,4.070393718524912e-06,．,3.911519247501438e-06,おとす,4.331781158439796e-06
ｐ,4.228815918994044e-06,かりる,3.6554820016521106e-06,で,4.063421455979821e-06,け,3.9017396813445515e-06,変わる,4.327037001483625e-06
ともかく,4.18417673286875e-06,女,3.646675608370842e-06,入る,4.053641240453487e-06,会う,3.879587853528044e-06,成る,4.3101062374706345e-06
少し,4.154359401931096e-06,降る,3.632904827965966e-06,面白い,3.980482619070358e-06,たまる,3.878899041964701e-06,御座る,4.303031953645231e-06
Σ,4.145866403293397e-06,スッキリ,3.6322251061315924e-06,へん,3.969010909821158e-06,おもろい,3.8616110117351e-06,届ける,4.234767551070107e-06
御座る,4.1417131688703535e-06,とむ,3.6027851018083368e-06,はぁ,3.966729146709369e-06,優しい,3.8506970594376355e-06,Ｐ,4.219231134361401e-06
有る,4.119105803224166e-06,有る,3.5964374457408965e-06,上手い,3.964623744412421e-06,少し,3.8122459925515884e-06,｀,4.206500742176544e-06
結構,4.116790477293186e-06,Θ,3.593863605044767e-06,教える,3.962248827371617e-06,詳しい,3.8001251647656886e-06,悪,4.181388022272969e-06
いや,4.110493146747274e-06,まで,3.5327041868482567e-06,見つかる,3.940331176455203e-06,そういう,3.7623500359629247e-06,凄い,4.1717453100886814e-06
いろんな,4.089427873110729e-06,Ｂ,3.5276900238745412e-06,生,3.937944311860342e-06,そろそろ,3.7436121628209307e-06,続,4.163629168218996e-06
おやすみ,4.058852068555829e-06,やはり,3.5229243815493305e-06,よぶ,3.916995668706846e-06,何となく,3.7422355362304316e-06,たまる,4.155305550090915e-06
決まる,4.053204831544477e-06,ただいま,3.510933518136028e-06,くる,3.907613831621859e-06,う,3.7397634099489707e-06,軽い,4.0999492382232106e-06
気付く,4.042872280729526e-06,くらい,3.4951955852902117e-06,凄い,3.897723229395744e-06,戦う,3.7177907604712956e-06,いろんな,4.065327294799914e-06
変わる,4.036656866990285e-06,美しい,3.4635034151797583e-06,いたす,3.876611495257087e-06,握る,3.6975716268816683e-06,うーん,4.0429140303333e-06
あく,4.019147754386054e-06,見よい,3.4616457459391015e-06,どう,3.872291708506559e-06,楽しめる,3.687690412812472e-06,￥,4.0152397908777004e-06
これから,4.0161309292630065e-06,ゆる,3.4592855580051207e-06,もつ,3.844516988094071e-06,つらい,3.68652492765964e-06,※,3.980457168206719e-06
難しい,4.008818059286767e-06,為る,3.4427758173194434e-06,取り戻す,3.8349567687001596e-06,ほんとに,3.677027345938555e-06,辛い,3.979885579097342e-06
調べる,3.991691418847587e-06,読める,3.4312860781593457e-06,知る,3.819891262413222e-06,だいたい,3.6656632218523555e-06,ｑ,3.971436093541669e-06
別に,3.984427523806566e-06,やばい,3.428157028806389e-06,比べる,3.817388803173394e-06,ヘ,3.648064062833356e-06,びびる,3.906874677994665e-06
干す,3.980744201381725e-06,そして,3.42403770214883e-06,選ぶ,3.7948214106631184e-06,ばっか,3.6456629292080933e-06,ほしい,3.904250239217255e-06
よろしく,3.945419869921807e-06,吹く,3.391983735889781e-06,どうして,3.7837639099702614e-06,かなり,3.6138136434438195e-06,有る,3.896432739236566e-06
くる,3.9423855897613436e-06,かわいい,3.3836092679928598e-06,買える,3.7717203309473035e-06,引換える,3.6114285208999064e-06,とむ,3.864637728945297e-06
引く,3.926601990111855e-06,まぁ,3.3823412445288525e-06,あんじる,3.7422225577232737e-06,バレる,3.606741615258535e-06,ふる,3.814504369703542e-06
◇,3.925686470229728e-06,ｂ,3.352953189650343e-06,少ない,3.737263422620707e-06,じ,3.592108096972524e-06,打つ,3.8124686642104777e-06
居る,3.922114023113821e-06,おもろい,3.352636691822397e-06,〆,3.727015670418332e-06,じゃん,3.556053003395121e-06,行う,3.795118055927027e-06
初,3.919171121635756e-06,さすが,3.340311488964076e-06,たい,3.7236365003634475e-06,潜る,3.5081659641722496e-06,持つ,3.782293112264412e-06
おおう,3.910839267096122e-06,たまに,3.333343832179203e-06,遅い,3.6940339298574543e-06,こうした,3.4664748962409675e-06,示す,3.7815346938252503e-06
‘,3.900115501442869e-06,何となく,3.32973985006646e-06,よい,3.6654322034257447e-06,ねる,3.462853981117675e-06,こっそり,3.7711297222742246e-06
が,3.893330243753823e-06,色々,3.3223156511441587e-06,たける,3.6491753259149107e-06,とく,3.4529188867038485e-06,起きる,3.756978760427465e-06
そこそこ,3.847594203909566e-06,”,3.3044053945330276e-06,良い,3.6453020834104066e-06,悪,3.426727278599273e-06,つくれる,3.7565791952687277e-06
ひんやり,3.835035433330525e-06,こっそり,3.297892826492621e-06,）,3.6290572125174947e-06,まく,3.4253509986204023e-06,わくわく,3.7562554027203987e-06
そう,3.821766343947708e-06,若々しい,3.287671679452764e-06,なかなか,3.6196962194257054e-06,とっても,3.4241302866444556e-06,まるい,3.7505098171575213e-06
こう,3.802827528986974e-06,ばたばた,3.2813898473982306e-06,がんばる,3.6147699855604287e-06,聴ける,3.4152813813692617e-06,試す,3.739165728822158e-06
貼る,3.7371786625328696e-06,示す,3.2659213735630743e-06,むしろ,3.6080959950890445e-06,でる,3.412370130018161e-06,けんじる,3.7305886205762917e-06
ネ,3.734760162910078e-06,かつ,3.2467490092003004e-06,減る,3.6043049779221903e-06,いきる,3.403300471105375e-06,女,3.71509070207221e-06
もつ,3.7030486842448695e-06,はあ,3.207557285112017e-06,おもろい,3.593411454838602e-06,宜しく,3.401073578879199e-06,よい,3.7001936618041853e-06
にとり,3.6975803207051072e-06,けんじる,3.2022012917964915e-06,いる,3.575605793448844e-06,ね,3.3793207773191725e-06,意外と,3.6969805762288033e-06
｀,3.691412362116786e-06,る,3.1949053974633657e-06,おやすみ,3.574447635323885e-06,受かる,3.3645603477738817e-06,ぶる,3.6845223695403106e-06
へん,3.6866461743390033e-06,えーと,3.178464521358393e-06,β,3.5722158439055463e-06,しんどい,3.3591102779340076e-06,ひどい,3.6812729943269673e-06
前,3.660952727635447e-06,まだ,3.1486035733108153e-06,そうですね,3.5689678354877685e-06,そりゃ,3.3580571653368807e-06,づらい,3.6313773310592268e-06
φ,3.639276590416962e-06,γ,3.1320953415292507e-06,先ず,3.5469147294797665e-06,削れる,3.3430522544675156e-06,迷う,3.629108535130321e-06
ついに,3.6136283002585756e-06,古,3.1302706767766253e-06,続,3.540743279351055e-06,減る,3.338917716977363e-06,ね,3.6243518859446766e-06
効く,3.600433791550728e-06,じ,3.127705060612662e-06,など,3.539871991975474e-06,こせる,3.330908728060855e-06,やぁ,3.6170847618199886e-06
てか,3.5812127308076924e-06,たのしむ,3.1260269689470377e-06,受ける,3.5372089921548167e-06,けんじる,3.3296959847106677e-06,いむ,3.586205524652719e-06
きちんと,3.5753182807685135e-06,映る,3.122336272420867e-06,やら,3.526126475250635e-06,めんどくさい,3.318082319792026e-06,かぁ,3.5831007950681837e-06
見付ける,3.5417944080906594e-06,多分,3.0986255873388657e-06,◇,3.5156797247859473e-06,《,3.3027905020910353e-06,》,3.5434955348856434e-06
荒れる,3.5411290223441583e-06,ガンバる,3.0915397579711623e-06,けんじる,3.4755818659748527e-06,》,3.2982218016730513e-06,酔う,3.4860321189711385e-06
ので,3.523520686110615e-06,うん,3.074005956116288e-06,おどる,3.4504507463450906e-06,貼る,3.2795850055666875e-06,云う,3.4843028150488564e-06
のぼる,3.518102595356787e-06,すげる,3.070582886177675e-06,にくい,3.4396287456051056e-06,ってな,3.2754249740252206e-06,けっこう,3.4652876751417594e-06
ねえ,3.5086556122720935e-06,帰る,3.0669452292242383e-06,そんなに,3.432131916780712e-06,ほる,3.271935917870117e-06,〇,3.4480436794659397e-06
ゆっくり,3.5064036316700964e-06,買う,3.0527192482754373e-06,見付ける,3.4314879009400556e-06,いれる,3.263872598857631e-06,取り敢えず,3.431815965515561e-06
めざましい,3.5004403562410857e-06,まずい,3.0508252326644225e-06,／,3.423315101058755e-06,生まれる,3.259387674314773e-06,へー,3.39850810804343e-06
成る,3.500001551692833e-06,めざましい,3.0445583273364107e-06,単に,3.416253965160543e-06,ひんやり,3.234867498203009e-06,為る,3.394355155283968e-06
くれる,3.496686315940245e-06,潜る,3.042771260952648e-06,γ,3.403357232367732e-06,おや,3.226284759683118e-06,おかす,3.385488480889265e-06
為る,3.4868378212538076e-06,忘れる,3.0367440210232743e-06,為る,3.3984467289194242e-06,やす,3.209178419671943e-06,のぼる,3.3490455773055317e-06
多,3.4761439829944507e-06,安い,3.0354972876400765e-06,ゆっくり,3.3819508014065747e-06,あんじる,3.1958503402540472e-06,では,3.3282416602720133e-06
飲む,3.471589258952079e-06,居る,3.0352176110248763e-06,覆る,3.365495292118048e-06,いつのまにか,3.188733275094613e-06,生きる,3.324966141193819e-06
わ,3.4661299950222713e-06,元,3.0229127735426076e-06,ゆく,3.345461308756903e-06,なんとか,3.170944347319349e-06,知る,3.3145367267506387e-06
まっ,3.4611833986675222e-06,また,3.0155123551534047e-06,ぜひ,3.3453763209623233e-06,あう,3.1313702278934485e-06,がんばる,3.3130477533616087e-06
ふふふ,3.4374528793401637e-06,’,2.998424461497784e-06,求む,3.3086452704278457e-06,快,3.1289237246712176e-06,しっかり,3.3100818430664702e-06
いたす,3.4341452589403687e-06,なんとなく,2.976192742698558e-06,おや,3.2977827463254172e-06,言う,3.1268031044362488e-06,すげる,3.3057442536676973e-06
話せる,3.414338850427079e-06,眠い,2.974600670890837e-06,ｑ,3.295319554896814e-06,副,3.11507541439493e-06,ほんとに,3.2936663382221454e-06
；,3.4091913297951137e-06,たのしい,2.9690086787992342e-06,増える,3.291827461615604e-06,美味い,3.08690685990598e-06,あの,3.2907156010120175e-06
食う,3.385864208227396e-06,ふむ,2.943119716158904e-06,間に合う,3.2496389897884725e-06,ｏ,3.056534560230695e-06,無,3.2878582092443764e-06
に関する,3.375722857468233e-06,やっぱ,2.9349964714153742e-06,くださる,3.240096390744185e-06,取れる,3.0554460535014982e-06,副,3.2778006932021597e-06
いい,3.37168552499989e-06,造る,2.9260124911889562e-06,さっさと,3.2377499203928295e-06,悪い,3.0493293995403903e-06,薦める,3.263920641649598e-06
とれる,3.359655204593359e-06,なにか,2.8903569861959966e-06,楽しい,3.207240045322024e-06,眠れる,3.0313592640496267e-06,イイ,3.2461755246071533e-06
見せる,3.3583881209331423e-06,よお,2.8884320880662173e-06,欲しい,3.194950719320744e-06,ぬう,3.029605622928422e-06,Ｙ,3.2179082064542897e-06
見つける,3.3571502839890854e-06,行ける,2.884731202024149e-06,某,3.165507089786246e-06,たい,2.994349787455164e-06,聞く,3.2170328653213787e-06
そういや,3.336498140882327e-06,倒す,2.8845631548923834e-06,帰る,3.1500523608452013e-06,すみません,2.991774839866679e-06,行ける,3.213676754376671e-06
けっこう,3.3208610856760856e-06,￥,2.8514243864963262e-06,まさかの,3.120304425507925e-06,あの,2.989129418429215e-06,‥,3.2044436282241406e-06
そして,3.3126471364886e-06,ぴったり,2.8513440325506068e-06,有る,3.1164701863595212e-06,〜,2.9878710636754846e-06,うるおう,3.2017097595371524e-06
たける,3.293497382372834e-06,覆る,2.8262172845350264e-06,古,3.1152492167008106e-06,よっしゃ,2.9858273661309553e-06,なぁー,3.1982887465087373e-06
かまう,3.265645181382837e-06,青い,2.815865149718988e-06,ド,3.1124797489345823e-06,とくとく,2.98240222218471e-06,解せる,3.1957450077335636e-06
》,3.2630966388946803e-06,暑い,2.799833519029349e-06,強い,3.1075775361877334e-06,よく,2.9808179810020263e-06,＜,3.1867197028967453e-06
何と,3.262532259129536e-06,超,2.794574235687186e-06,貼る,3.0939127623197393e-06,今更,2.9558321674727495e-06,惚れる,3.1854600457403848e-06
ただ,3.2501717649457973e-06,こせる,2.7889389428992217e-06,扱う,3.0607101896285016e-06,がる,2.9521261846188196e-06,ネ,3.18499043883147e-06
まぁ,3.248613355211205e-06,得る,2.7837745767422817e-06,相,3.057917411508626e-06,おやすみなさい,2.9182826706275478e-06,くう,3.1560105666628147e-06
構う,3.2478817052483677e-06,探す,2.767779441636975e-06,Ａ,3.051514559038182e-06,うわ,2.9075601570838217e-06,思う,3.1433390942359196e-06
たり,3.2326748107269765e-06,とびだせる,2.7651706930864606e-06,めんどい,3.0415048237752984e-06,ワクワク,2.8798574865929183e-06,揃える,3.139619969561025e-06
届ける,3.1992967903793357e-06,ニコニコ,2.7633215817779444e-06,呑む,3.0269399027282873e-06,により,2.8696857257148878e-06,そして,3.129852244709852e-06
不,3.187694533668406e-06,にとり,2.7552609036529674e-06,代わる,3.019713368135335e-06,癒す,2.8575253757656682e-06,γ,3.1240448357117145e-06
＼,3.1859961061586617e-06,物凄い,2.7526221983986687e-06,打つ,3.0135741206915867e-06,Ａ,2.842168021266467e-06,色んな,3.120594829875145e-06
じわじわ,3.1851981616703995e-06,元々,2.720987221094262e-06,のぼる,3.0047330976668007e-06,為る,2.83176181958833e-06,少々,3.1096232966376647e-06
くさい,3.1339780927064353e-06,いよいよ,2.7151926588198094e-06,こせる,3.0024392756455853e-06,めっちゃ,2.8176381297040365e-06,ヽ,3.103930793946219e-06
ごめん,3.0745404151488742e-06,◇,2.6906444000607266e-06,短,2.9966415067139707e-06,にとり,2.8174042804307575e-06,バレる,3.0780424518095373e-06
偉い,3.063521743285058e-06,しっかり,2.6719219401449834e-06,遣る,2.9856579155662644e-06,とびだせる,2.8136238552356474e-06,まじる,3.0733904982094273e-06
巣くう,3.0547441233208517e-06,ねる,2.658756666162887e-06,初めて,2.977559743877478e-06,はぁ,2.8080533812646635e-06,ほぼ,3.0630879986892623e-06
休む,3.0332253441178736e-06,》,2.639244845559219e-06,出掛ける,2.9737493149051275e-06,ぶっ,2.8023710442193206e-06,ゆう,3.0533075350280825e-06
そのまま,3.0300049995712897e-06,なり,2.6248967454067795e-06,呟く,2.9625510921116316e-06,病む,2.7703203302476e-06,なー,3.0454290330661493e-06
一応,3.0182114497678825e-06,かなえる,2.614758425667496e-06,ガンバる,2.9532941974164117e-06,観る,2.76486187100744e-06,優しい,3.0409757562077644e-06
当,3.0142535618615796e-06,大きな,2.6110471103013566e-06,かる,2.931828791186142e-06,辞める,2.7479188403622956e-06,見つける,3.0382491225111607e-06
とか,3.0109626849572635e-06,える,2.6052813163479627e-06,むく,2.92723942085793e-06,すげる,2.741209165546543e-06,いく,3.0381098387044503e-06
可,2.991276177199964e-06,同じ,2.6047140075924347e-06,やすらぐ,2.9106167349635115e-06,こわい,2.721055263554817e-06,ごめん,3.037255178139908e-06
同じ,2.962139976636635e-06,かも,2.599003695369362e-06,少々,2.9086633477337642e-06,又,2.7147603564037226e-06,もつ,2.9918119572869273e-06
こういう,2.9552124831688786e-06,面白い,2.5913975323366145e-06,少なくとも,2.8966939726871033e-06,如く,2.7019786601467644e-06,とびだせる,2.9846754664442088e-06
ながら,2.931629911939737e-06,多い,2.5841342006227563e-06,誤魔化す,2.8717174413994684e-06,選ぶ,2.691426747136738e-06,かまう,2.9750702873476698e-06
遊ぶ,2.9060225434918152e-06,何で,2.5674498302930004e-06,えっ,2.8598258559053846e-06,に対して,2.690543642547283e-06,バン,2.96187024928507e-06
誤魔化す,2.871527173153865e-06,代わる,2.5661252908149024e-06,α,2.8576470783026053e-06,いただく,2.6887892516924694e-06,売れる,2.9570725790240004e-06
えっ,2.8656557417017225e-06,Ｍ,2.5601429611832316e-06,ねとる,2.834946386420789e-06,けども,2.6879155518022557e-06,食べる,2.904080462884373e-06
漲る,2.833109007172041e-06,おかす,2.545301535206157e-06,のに,2.834931908446414e-06,なんて,2.6871458845834084e-06,Ｎ,2.8986931313035313e-06
映る,2.8303408433627553e-06,やっぱり,2.5444074051028664e-06,被る,2.828914628882906e-06,こんにちは,2.6772860206580873e-06,微笑む,2.8929594485527232e-06
覆る,2.8289578527518344e-06,△,2.542485252443605e-06,だいたい,2.8278811095017176e-06,居る,2.661082610710963e-06,う,2.8694998417400086e-06
まい,2.7764871375346445e-06,どうも,2.510674882882924e-06,特に,2.8184179226009576e-06,ふむ,2.657374954639913e-06,えっ,2.8672959602182857e-06
さわがせる,2.756719543306474e-06,α,2.508952077762139e-06,ある程度,2.81632351761818e-06,｜,2.653911494343575e-06,Ｌ,2.8566583487599218e-06
Ｐ,2.7561225484085128e-06,バレる,2.4900702084718063e-06,では,2.776774112867031e-06,あやい,2.6533876675838286e-06,若々しい,2.8419859527950564e-06
うん,2.7519854302049396e-06,ごめん,2.4819793458252803e-06,□,2.7639564977866016e-06,見付ける,2.6482178642206478e-06,ｎ,2.8401409324363414e-06
について,2.7425231330369115e-06,やけに,2.4763034954800034e-06,おおう,2.755539137422325e-06,おいおい,2.646985917231781e-06,いい,2.8375430649596467e-06
どうにか,2.7134540367956816e-06,いつのまにか,2.461618261229148e-06,のみ,2.750049735600335e-06,こう,2.6406174986615127e-06,遣る,2.8282371622445623e-06
×,2.7042562021906136e-06,＿,2.4384695022083847e-06,はい,2.734028668238686e-06,御座る,2.6277838386379315e-06,そこそこ,2.827913656688885e-06
欲しい,2.694631309418938e-06,けど,2.4258262534271324e-06,取れる,2.7324110940529778e-06,歌う,2.626762119151138e-06,取る,2.8136481702301097e-06
ヽ,2.6916175204227955e-06,つる,2.417996742720696e-06,Ｈ,2.71625821690602e-06,巣くう,2.6262915506780615e-06,まい,2.806156651380398e-06
ふん,2.6890701723125687e-06,すっきり,2.4129113808113445e-06,わく,2.7060393154032525e-06,単,2.6174944893764263e-06,総,2.802438200055768e-06
◎,2.688912878467953e-06,そりゃ,2.3968417768305272e-06,できる,2.675470336832575e-06,食う,2.59523842627285e-06,いやぁ,2.7858355855503447e-06
よる,2.688324772126549e-06,により,2.396318913633344e-06,詳しい,2.6673063846516243e-06,おとす,2.588127645308802e-06,たける,2.784406667899475e-06
曇る,2.6796600627321254e-06,試す,2.392567941877921e-06,やあ,2.666812211282732e-06,かなえる,2.5802491034898623e-06,揃う,2.7475295552026324e-06
うむ,2.658813307410135e-06,誤魔化す,2.3897937723171836e-06,見つける,2.666632620607068e-06,◇,2.5774282316204378e-06,止める,2.7442508071517935e-06
おとす,2.6553456712319345e-06,もともと,2.383412494033621e-06,あかん,2.666450036992174e-06,どうして,2.5748554257631895e-06,よろしく,2.739242164095934e-06
代わる,2.6529868661917533e-06,どうにか,2.3793592925924756e-06,行ける,2.6443715047674843e-06,掛かる,2.564912811031661e-06,面白い,2.72913447973977e-06
のみ,2.647305282987844e-06,漲る,2.3773890854839053e-06,ちなみに,2.6383187345935255e-06,にゃ,2.5646224532938078e-06,べし,2.7178927602955483e-06
始める,2.645739579865136e-06,￣,2.375868056514463e-06,ふる,2.6322089696773077e-06,祈れる,2.5622354934418112e-06,本当に,2.7173101337929495e-06
はぐる,2.615877899625474e-06,おお,2.3754883068383137e-06,み,2.6313956809076444e-06,漲る,2.552732222604881e-06,パチ,2.715563449440239e-06
伸びる,2.60994611100962e-06,他,2.3735665800606043e-06,にて,2.618884386573761e-06,本,2.54777243924309e-06,かっこよい,2.706932937801554e-06
願う,2.588664716252076e-06,るる,2.364379140917805e-06,かなえる,2.5587188439146757e-06,および,2.5462570075740487e-06,ってか,2.7058680952540826e-06
こせる,2.5618777864666598e-06,倒せる,2.3432259534938993e-06,認める,2.5566949779509685e-06,推せる,2.5124162013057116e-06,…,2.68636729006122e-06
あの,2.5573787274524307e-06,育む,2.3392417755063732e-06,はぐる,2.5547232839207012e-06,のぼる,2.5115683316423443e-06,やばい,2.6815081619613323e-06
似る,2.545733150172147e-06,揺れる,2.3365904601169163e-06,じゃぁ,2.551618561441593e-06,あり,2.5113492334583043e-06,うつ,2.6810426919654518e-06
若々しい,2.534167484302685e-06,ぞ,2.3280043521811677e-06,気づく,2.5447264005995507e-06,干す,2.5027004343369796e-06,貰える,2.66088647471463e-06
※,2.5319733608641926e-06,‘,2.3194117998448505e-06,なー,2.5444588558354297e-06,Ｄ,2.496535845275538e-06,ゆく,2.647226841290262e-06
しんどい,2.526348261255862e-06,ねとる,2.317752513913973e-06,替る,2.534672442155994e-06,ｂ,2.4888724367011505e-06,ば,2.6291036495651454e-06
何とか,2.5256239617466036e-06,ねん,2.3139787553860813e-06,おかす,2.530724198424039e-06,間もなく,2.4874660206064547e-06,こせる,2.6265784626167132e-06
により,2.513226284972525e-06,かける,2.3065230762009392e-06,とかいう,2.518047495736475e-06,さる,2.4829471623188937e-06,集める,2.62380450832822e-06
殺す,2.5068350731904943e-06,について,2.2995778733436723e-06,うん,2.517673405866283e-06,かまう,2.479937797783549e-06,熱い,2.6215384114625095e-06
いる,2.4972565031422533e-06,ありがたい,2.2888476787219503e-06,飽きる,2.516802823704367e-06,返す,2.4705562351456933e-06,かつ,2.612462595918963e-06
はれる,2.4953750974443523e-06,やっと,2.2885263073479933e-06,酷い,2.5039946288663018e-06,厳しい,2.458784156167404e-06,みる,2.605495447283168e-06
さらに,2.492276148458039e-06,なんで,2.2734669370416682e-06,映る,2.4966926712721715e-06,ｐ,2.4308352180035797e-06,ぶっ,2.603530801947862e-06
止む,2.490194653481659e-06,あー,2.2615985388885207e-06,諦める,2.4594499583585616e-06,ひる,2.430545298803821e-06,がんばれる,2.595634727042828e-06
による,2.480678272798187e-06,Ｈ,2.2589091118740967e-06,間もなく,2.4532253443121377e-06,むっちゃ,2.4303038796968934e-06,あかん,2.5947296764528005e-06
ばたばた,2.47380143669762e-06,おいしい,2.25630873740279e-06,ごめん,2.445618432656005e-06,×,2.41080953289341e-06,信じる,2.594529835531212e-06
無,2.469686885442357e-06,はい,2.255826878627687e-06,やたら,2.432747146396963e-06,まう,2.4104498470567393e-06,空く,2.5883571616036605e-06
搾る,2.466522724065001e-06,すら,2.2456706221252176e-06,素晴らしい,2.419347303161956e-06,見つける,2.4081636490480562e-06,おはよう,2.5753843519993325e-06
又,2.438735044463236e-06,かまう,2.2414887357324886e-06,つむ,2.4179368546262126e-06,ねとる,2.394071435429801e-06,かっきる,2.550630532338616e-06
痛い,2.428228356721185e-06,癒す,2.2340437527690327e-06,はげる,2.4138898846448598e-06,いく,2.3887262045052537e-06,ねむい,2.5472412296112523e-06
ぐらい,2.4213953958573953e-06,引く,2.2334324939476957e-06,今更,2.413795722189249e-06,きる,2.3821539596458052e-06,にとり,2.542152664819497e-06
厳しい,2.397999302905518e-06,▼,2.2211168076990973e-06,売る,2.4064976146265238e-06,終わる,2.3789879944891013e-06,ふつう,2.5194467661027176e-06
どういう,2.389558760640398e-06,いっぱい,2.2203429455025514e-06,慣れる,2.3815658364290115e-06,むかつく,2.3712938955755547e-06,゜,2.511806756921864e-06
遣る,2.3776638859995813e-06,始める,2.21976628500542e-06,まる,2.380056505990602e-06,見付かる,2.3700673712490072e-06,新しい,2.5113485749850284e-06
やすらぐ,2.3773532689119747e-06,巣くう,2.215293971485899e-06,っと,2.3795475854182513e-06,そんな,2.3691485880883434e-06,える,2.504831379535055e-06
削れる,2.3669127777736776e-06,はぐる,2.215293971485899e-06,後で,2.3782166811425753e-06,むすぶ,2.36809510389957e-06,だって,2.4908621431007916e-06
愛す,2.355825827193847e-06,ちなみに,2.2046424525967723e-06,おいしい,2.3567748747010953e-06,Ｐ,2.3671543056824618e-06,同,2.4739762971570656e-06
ちゃ,2.3453019010188925e-06,とかいう,2.2033993124503937e-06,もともと,2.3422694122032794e-06,ける,2.332669668425602e-06,歩く,2.4543862011672246e-06
とびだせる,2.342835320412462e-06,相変わらず,2.2028411525987224e-06,止める,2.341862699539732e-06,更に,2.3176719370354704e-06,たぎる,2.4467170957054307e-06
に,2.3410145982838415e-06,萌える,2.1953447387756952e-06,はる,2.3408411908842908e-06,すら,2.304512312090168e-06,漲る,2.4459665286524768e-06
たのしむ,2.331294807422779e-06,気づく,2.1931038461930896e-06,かかる,2.327341324881438e-06,まるい,2.300540483890501e-06,しまう,2.442991712925391e-06
たぐる,2.3309173869945354e-06,おく,2.1927454577630456e-06,パチ,2.3259611575676686e-06,えっ,2.296977871574235e-06,遂に,2.436265037819574e-06
稼げる,2.3289794323089197e-06,云う,2.1921172576044867e-06,云う,2.320153422941118e-06,たっぷり,2.284157694432132e-06,借りる,2.422312138872229e-06
有り難い,2.326087350845718e-06,おや,2.1898502149397814e-06,又,2.3133413850073836e-06,つくる,2.2787779094812777e-06,いただく,2.4150497254238346e-06
天下る,2.309682982648553e-06,認める,2.1824224279987092e-06,かりる,2.3057859880326603e-06,なかなか,2.27808435004917e-06,育む,2.4115605400387707e-06
撃つ,2.3093790064709907e-06,↓,2.168600253371622e-06,削れる,2.299932607252586e-06,かっきる,2.2419553312724716e-06,ゆっくり,2.40446337163025e-06
選りすぐる,2.3011800682759542e-06,きゃー,2.1641259613236485e-06,Ｂ,2.28395472057219e-06,何時も,2.2378053171623336e-06,鳴る,2.398710063244991e-06
あんじる,2.2988175623073204e-06,祈れる,2.1612622799205283e-06,見付かる,2.272082802123876e-06,諦める,2.236847183700874e-06,へぇ,2.3915030794574577e-06
如く,2.2982220795331187e-06,集める,2.1497275518589376e-06,ゝ,2.2711642521100472e-06,刻む,2.2363345045794958e-06,減る,2.3906214623448108e-06
ありがとう,2.2818451261841233e-06,あーあ,2.1486999087771963e-06,ぽい,2.2641416643764956e-06,とる,2.2142264163305114e-06,あんじる,2.3735569580907168e-06
快,2.2808315398581414e-06,と,2.1463676619370986e-06,ありがとう,2.2512925161866093e-06,おもしろい,2.212710855098443e-06,《,2.363499388091661e-06
あり,2.2780967007252073e-06,恐らく,2.138257841788338e-06,すら,2.238082424832477e-06,呉れる,2.1948739830079944e-06,むにゃむにゃ,2.351464798322489e-06
ガンバる,2.271116767538217e-06,いかつい,2.1282045790105286e-06,かける,2.2349014279221535e-06,古,2.1892991131089445e-06,見付ける,2.3438136508291407e-06
《,2.266345976664752e-06,天下る,2.124562579752798e-06,めんどくさい,2.225707262604182e-06,おもんない,2.186226596090357e-06,ο,2.3074549441171044e-06
待つ,2.253644990735104e-06,少々,2.122408006788312e-06,漲る,2.2200266807104185e-06,無くなる,2.1837391461776434e-06,間違える,2.3038927552399002e-06
準,2.247396274190905e-06,稼ぐ,2.119793082844268e-06,ニヤリ,2.194104577135647e-06,おきる,2.1820193771837637e-06,Ａ,2.2988050778494085e-06
ど,2.244570883380703e-06,まさかの,2.1069249436234117e-06,がんばれる,2.1793746802778458e-06,かむ,2.1813597149700215e-06,おい,2.2895951834467354e-06
バレる,2.2307658437137334e-06,ぼる,2.10416828505533e-06,送る,2.173877144406866e-06,遣る,2.1775329314133174e-06,止まる,2.2862848428895077e-06
あげる,2.2294952803925128e-06,潤う,2.101728585279794e-06,含める,2.1634668841974403e-06,片づける,2.1726058286875016e-06,どうしても,2.274765674603607e-06
ψ,2.212609319651726e-06,投げる,2.1004030581472932e-06,こう,2.1624846842094314e-06,触る,2.1579019995332516e-06,でかい,2.2711899023697413e-06
ぐっと,2.208661147862223e-06,など,2.0997287601964842e-06,一旦,2.162400400851361e-06,なくなる,2.1565426941982935e-06,さわがせる,2.2695397892125158e-06
Ｂ,2.203935196121165e-06,ひんやり,2.099405413513722e-06,そもそも,2.160884948754216e-06,もらえる,2.1496712486746006e-06,低い,2.266012287366337e-06
さあ,2.174506144703159e-06,上手い,2.099115296028131e-06,ほとんど,2.157465088359345e-06,ゆる,2.1417201002682518e-06,子,2.2626246701795694e-06
何で,2.163245681474635e-06,ちゃう,2.0984929817169373e-06,￥,2.1573994914980688e-06,り,2.13273567528649e-06,感じる,2.2603863487624665e-06
かりる,2.1630046548315462e-06,だるい,2.092982531731735e-06,見よい,2.155636978584674e-06,示す,2.1318546048476605e-06,ので,2.2531789057866902e-06
つくれる,2.161017091939499e-06,みずみずしい,2.091957880590023e-06,得る,2.142653753978152e-06,振りまく,2.1316424958506275e-06,眠る,2.247743877026309e-06
生きる,2.157923439383147e-06,さっさと,2.0908597498925374e-06,やっぱ,2.1325007502071003e-06,あっという間に,2.131012137196464e-06,準,2.2462309720028273e-06
あふれる,2.1549754306571245e-06,ほう,2.0859775743398146e-06,さっぱり,2.1298036568806467e-06,何とか,2.1291523327748862e-06,お疲れさま,2.2421704984898483e-06
借りる,2.138536232876298e-06,しんどい,2.0855737346003878e-06,聴ける,2.1221021478945445e-06,美しい,2.1233846291268677e-06,むっちゃ,2.226465035559677e-06
たぎる,2.1183843675887104e-06,知る,2.079342803495976e-06,正す,2.120040724529204e-06,揃う,2.1210967481311016e-06,すっかり,2.219837308858885e-06
繋ぐ,2.098617213897036e-06,辛い,2.075777190357897e-06,いける,2.1172773653210797e-06,いよいよ,2.101512233121383e-06,如く,2.194113454478952e-06
大抵,2.0910159227449654e-06,うたう,2.0742222849312597e-06,とびだせる,2.111343880617511e-06,しまう,2.095774661037275e-06,蒸し暑い,2.1932251782486034e-06
解せる,2.087047741183845e-06,とくとく,2.069226989531714e-06,やや,2.0957992167280892e-06,ｖ,2.095091053311293e-06,Ｂ,2.1895366169033537e-06
生,2.0803555069726087e-06,見せる,2.0584550877167374e-06,当,2.0938210766319187e-06,過ぎる,2.0637474338336403e-06,古,2.1818848480181785e-06
ああ,2.0759410533921496e-06,つい,2.0441638598489575e-06,ほんと,2.092120633401251e-06,替る,2.0635000058666364e-06,替る,2.18143553099015e-06
こなす,2.0691764942570856e-06,高める,2.0315012082550155e-06,育む,2.089954713735409e-06,微笑む,2.062786878531675e-06,どうも,2.181247943933151e-06
ねる,2.0627090617786337e-06,呉れる,2.0240092600820603e-06,惜しい,2.0822540274245682e-06,出掛ける,2.05364779548578e-06,着く,2.1772123660612763e-06
之,2.0529863649088043e-06,行う,2.0220339047583025e-06,何だか,2.0801038284057327e-06,実際,2.047486537648524e-06,はる,2.171333590816893e-06
びびる,2.0407089483809315e-06,ウケる,2.0215780949239814e-06,いきなり,2.0736373773644345e-06,楽しむ,2.0451265883014713e-06,羨ましい,2.169580288091666e-06
じゃ,2.0386202007616205e-06,香る,2.0094509232126967e-06,巣くう,2.0686608563913467e-06,と共に,2.0448120561233907e-06,■,2.1635348059767523e-06
無くなる,2.034738485257037e-06,まじる,2.0019501324464173e-06,ところで,2.0635607098640207e-06,よし,2.044750296747999e-06,めっちゃ,2.1544975181697623e-06
もぐもぐ,2.0295812981352412e-06,ねむたい,2.0016126085486974e-06,弱い,2.0419434422214167e-06,できる,2.0411561374444886e-06,悔しい,2.1530295000182775e-06
θ,2.028378024654387e-06,つかう,2.001311885657664e-06,ハマる,2.03179006597054e-06,いう,2.035165121316851e-06,誤魔化す,2.1509955785425916e-06
づらい,2.023784769988879e-06,さわがせる,1.9991672446373343e-06,下さる,2.0289557544073133e-06,ば,2.029404470582641e-06,なんで,2.1509591534574213e-06
食べる,2.021678571551e-06,のれる,1.9917826373783143e-06,聞く,2.0237406141987435e-06,いつも,2.0273557919114893e-06,振りまく,2.1437682602432062e-06
おかす,2.0089231700382015e-06,まい,1.9908644643962248e-06,祈れる,2.018205593756761e-06,でも,2.025790042714526e-06,間もなく,2.140356155422296e-06
贈る,1.982544464484981e-06,遣る,1.989190608120417e-06,少,2.00853846721305e-06,上手い,2.0209322610931224e-06,おやすみなさい,2.0941884208980355e-06
可愛らしい,1.9756923128610993e-06,導く,1.985285140615467e-06,またまた,2.0006739354094805e-06,名,2.0143815215867278e-06,に関する,2.0937975832024946e-06
